,name,display_address,type,rating,review_count,price,latitude,longitude,bid
2,House of Prime Rib,"1906 Van Ness Ave, San Francisco, CA 94109",American (Traditional),4.57,7912,$$$,37.793338,-122.422827,3350
3,Burma Superstar,"309 Clement St, San Francisco, CA 94118",Burmese,4.68,7145,$$,37.783004,-122.462539,1977
4,B Patisserie,"2821 California St, San Francisco, CA 94115",Bakeries,4.38,3006,$$,37.788014,-122.440756,71696
5,Kokkari Estiatorio,"200 Jackson St, San Francisco, CA 94111",Greek,4.99,4843,$$$,37.796918,-122.399864,2858
6,San Tung,"1031 Irving St, San Francisco, CA 94122",Chinese,4.88,7497,$$,37.763891,-122.468805,67330
7,Nopa,"560 Divisadero St, San Francisco, CA 94117",American (New),4.45,5233,$$$,37.774778,-122.437717,18921
8,El Farolito,"2779 Mission St, San Francisco, CA 94110",Mexican,4.23,5184,$,37.752634,-122.418486,2356
9,Zazie,"941 Cole St, San Francisco, CA 94117",Breakfast & Brunch,4.17,4860,$$,37.765343,-122.449914,1595
11,Sotto Mare,"552 Green St, San Francisco, CA 94133",Seafood,4.83,4448,$$,-9999.0,-9999.0,80931
14,Saigon Sandwich,"560 Larkin St, San Francisco, CA 94102",Vietnamese,4.99,3503,$,-9999.0,-9999.0,80312
15,Tony's Pizza Napoletana,"1570 Stockton St, San Francisco, CA 94133",Pizza,4.49,5866,$$,37.800297,-122.409107,58879
16,Foreign Cinema,"2534 Mission St, San Francisco, CA 94110",Breakfast & Brunch,4.53,5156,$$$,37.756417,-122.418884,2893
18,Mama's On Washington Square,"1701 Stockton St, San Francisco, CA 94133",Breakfast & Brunch,4.19,4529,$$,37.801554,-122.409434,2172
19,Chapeau,"126 Clement St, San Francisco, CA 94118",French,4.75,2820,$$$,37.783148,-122.460661,36730
20,La Taqueria,"2889 Mission St, San Francisco, CA 94110",Mexican,4.69,4361,$$,37.750855,-122.418286,2360
21,The Codmother Fish & Chips,"496 Beach St, San Francisco, CA 94133",British,4.88,3167,$$,-9999.0,-9999.0,90147
22,Shizen Vegan Sushi Bar & Izakaya,"370 14th St, San Francisco, CA 94103",Sushi Bars,4.84,1975,$$,-9999.0,-9999.0,79704
23,Kitchen Story,"3499 16th St, San Francisco, CA 94114",Breakfast & Brunch,4.06,3755,$$,-9999.0,-9999.0,70184
24,Nara Restaurant & Sake Bar,"518 Haight St, San Francisco, CA 94117",Japanese,4.62,1767,$$,-9999.0,-9999.0,80201
25,State Bird Provisions,"1529 Fillmore St, San Francisco, CA 94115",Tapas/Small Plates,4.58,2948,$$$,37.783704,-122.432824,68152
26,Espetus Churrascaria,"1686 Market St, San Francisco, CA 94102",Steakhouses,4.78,3621,$$$,37.773317,-122.421724,3926
27,Farmhouse Kitchen Thai Cuisine,"710 Florida St, San Francisco, CA 94110",Thai,4.32,3238,$$,-9999.0,-9999.0,82413
28,Schubert's Bakery,"521 Clement St, San Francisco, CA 94118",Bakeries,4.75,1879,$$,37.782893,-122.464948,3186
30,Beretta,"1199 Valencia St, San Francisco, CA 94110",Italian,4.56,3941,$$,37.753823,-122.420786,3626
31,Garden Creamery,"3566 20th St, San Francisco, CA 94110",Ice Cream & Frozen Yogurt,4.77,1114,$,-9999.0,-9999.0,87404
33,Suppenküche,"525 Laguna St, San Francisco, CA 94102",German,4.58,3233,$$,37.776294,-122.426264,3643
34,Marco Polo Italian Ice Cream,"1447 Taraval St, San Francisco, CA 94116",Ice Cream & Frozen Yogurt,4.64,1617,$,37.742728,-122.481566,4671
35,Tacorea,"809 Bush St, San Francisco, CA 94108",Mexican,4.78,1872,$$,-9999.0,-9999.0,88539
36,Chez Maman East,"1401 18th St, San Francisco, CA 94107",French,4.77,2243,$$,-9999.0,-9999.0,82944
37,Philz Coffee,"3101 24th St, San Francisco, CA 94110",Coffee & Tea,4.63,1717,$,37.752455,-122.414116,33710
38,Swan Oyster Depot,"1517 Polk St, San Francisco, CA 94109",Seafood,3.98,3043,$$,37.790734,-122.420783,639
39,Good Mong Kok Bakery,"1039 Stockton St, San Francisco, CA 94108",Bakeries,4.3,3100,$,-9999.0,-9999.0,80081
40,U :Dessert Story,"3489 16th St, San Francisco, CA 94114",Desserts,4.73,2016,$$,-9999.0,-9999.0,94605
41,Loló,"974 Valencia St, San Francisco, CA 94110",Mexican,4.61,2341,$$,-9999.0,-9999.0,77462
42,Plow,"1299 18th St, San Francisco, CA 94107",Breakfast & Brunch,4.51,2881,$$,37.762588,-122.395534,63304
43,Tropisueño,"75 Yerba Buena Ln, San Francisco, CA 94103",Cocktail Bars,4.09,4640,$$,37.785638,-122.404189,38566
44,Lolinda,"2518 Mission St, San Francisco, CA 94110",Steakhouses,4.19,2149,$$$,37.756698,-122.418951,69403
45,Lou's Cafe,"5017 Geary Blvd, San Francisco, CA 94118",Coffee & Tea,4.58,1731,$,37.780543,-122.473129,61136
46,Hollywood Cafe,"530 North Point St, San Francisco, CA 94133",Breakfast & Brunch,4.99,2272,$$,37.806337,-122.415814,28318
47,L’Ardoise Bistro,"151 Noe St, San Francisco, CA 94114",French,4.38,1354,$$$,37.766653,-122.433258,36277
49,Wayfare Tavern,"558 Sacramento St, San Francisco, CA 94111",American (Traditional),4.81,4207,$$$,37.793907,-122.402304,62701
51,Absinthe Brasserie & Bar,"398 Hayes St, San Francisco, CA 94102",French,4.36,3336,$$$,37.77694,-122.422962,3611
52,Eight AM,"1323 Columbus Ave, San Francisco, CA 94133",American (New),4.82,1536,$$,-9999.0,-9999.0,78781
53,Blue Bottle Coffee,"315 Linden St, San Francisco, CA 94102",Coffee & Tea,4.56,1702,$$,37.77634,-122.423099,14075
54,Pearl's Deluxe Burgers,"708 Post St, San Francisco, CA 94109",Burgers,4.2,2317,$$,37.787677,-122.413634,65898
56,Blue Bottle Coffee,"66 Mint St, San Francisco, CA 94103",Coffee & Tea,4.68,2259,$$,37.782368,-122.40743,36494
57,Sunday Social,"699 22nd St, San Francisco, CA 94107",Ice Cream & Frozen Yogurt,4.95,1476,$$,37.757908,-122.388189,62251
64,Zero Zero,"826 Folsom St, San Francisco, CA 94107",Pizza,4.41,3345,$$,37.781494,-122.401909,63597
65,Mensho Tokyo SF,"672 Geary St, San Francisco, CA 94102",Ramen,4.22,2525,$$,-9999.0,-9999.0,82074
66,Frances,"3870 17th St, San Francisco, CA 94114",American (New),4.61,1509,$$$,37.762698,-122.432232,61326
67,Home Coffee Roasters,"1222 Noriega St, San Francisco, CA 94122",Coffee & Tea,4.43,1295,$$,-9999.0,-9999.0,75429
68,Philz Coffee,"201 Berry St, San Francisco, CA 94158",Coffee & Tea,4.57,1422,$,37.775487,-122.393661,33709
69,Deli Board,"1058 Folsom St, San Francisco, CA 94103",Delis,4.99,1524,$$,37.777504,-122.406948,66925
70,Marlowe,"500 Brannan St, San Francisco, CA 94107",Diners,4.51,2732,$$$,-9999.0,-9999.0,80063
71,The Buena Vista,"2765 Hyde St, San Francisco, CA 94109",Bars,4.35,2866,$$,37.806493,-122.420554,3324
72,Lapisara Eatery,"698 Post St, San Francisco, CA 94109",Breakfast & Brunch,4.44,1086,$$,-9999.0,-9999.0,94578
73,Thanh Long,"4101 Judah St, San Francisco, CA 94122",Seafood,4.32,2939,$$$,37.760383,-122.50609,3228
74,The Italian Homemade Company,"716 Columbus Ave, San Francisco, CA 94133",Italian,4.89,1739,$$,-9999.0,-9999.0,78601
75,The Bird,"115 New Montgomery St, San Francisco, CA 94105",Chicken Shop,4.0,2172,$,-9999.0,-9999.0,89128
76,Woodhouse Fish Company,"1914 Fillmore St, San Francisco, CA 94115",Seafood,4.05,2426,$$,37.787386,-122.433476,59009
77,Bar Crudo,"655 Divisadero St, San Francisco, CA 94117",Seafood,4.03,1890,$$$,37.775684,-122.437965,59154
79,Devil's Teeth Baking Company,"3876 Noriega St, San Francisco, CA 94122",Bakeries,4.7,1918,$,-9999.0,-9999.0,87122
80,Pizzeria Delfina - Mission,"3621 18th St, San Francisco, CA 94110",Pizza,4.21,2331,$$,37.761514,-122.424318,856
81,Submarine Center,"820 Ulloa St, San Francisco, CA 94127",Italian,4.98,1369,$$,-9999.0,-9999.0,78727
82,Super Duper Burgers,"721 Market St, San Francisco, CA 94103",Burgers,4.2,2834,$$,37.787097,-122.404122,65860
83,Boulevard,"1 Mission St, San Francisco, CA 94105",American (New),4.32,2714,$$$,37.793497,-122.392841,3484
84,KUSAKABE,"584 Washington St, San Francisco, CA 94111",Sushi Bars,4.47,977,$$$$,-9999.0,-9999.0,78403
85,PPQ Dungeness Island - San Francisco,"2332 Clement St, San Francisco, CA 94121",Seafood,4.62,3178,$$,37.782068,-122.484432,3206
88,Blackwood,"2150 Chestnut St, San Francisco, CA 94123",Thai,3.93,1951,$$,37.800508,-122.438824,68331
89,Mymy,"1500 California St, San Francisco, CA 94109",Breakfast & Brunch,3.96,1926,$$,37.790798,-122.419214,63413
90,Don Pistos,"510 Union St, San Francisco, CA 94133",Mexican,4.34,1938,$$,37.800628,-122.407824,61351
91,Little Star Pizza,"400 Valencia St, San Francisco, CA 94103",Pizza,4.19,2181,$$,37.766408,-122.422055,27964
92,R&G Lounge,"631 Kearny St, San Francisco, CA 94108",Seafood,3.95,4675,$$,37.794154,-122.404765,3016
93,Craftsman and Wolves,"746 Valencia St, San Francisco, CA 94110",Bakeries,3.86,1669,$$,37.760955,-122.421552,68894
94,Boba Guys,"429 Stockton St, San Francisco, CA 94108",Coffee & Tea,4.04,2068,$,-9999.0,-9999.0,80120
95,Hot Sauce and Panko,"1468 Hyde St, San Francisco, CA 94109",Chicken Wings,4.64,1256,$,-9999.0,-9999.0,91042
96,Four Barrel Coffee,"375 Valencia St, San Francisco, CA 94103",Coffee & Tea,4.4,2147,$,37.766994,-122.422035,36840
97,Gracias Madre,"2211 Mission St, San Francisco, CA 94110",Mexican,4.69,3454,$$,-9999.0,-9999.0,70064
98,Spruce,"3640 Sacramento St, San Francisco, CA 94118",American (Traditional),4.67,2086,$$$$,37.787478,-122.452723,34726
99,Philz Coffee,"549 Castro St, San Francisco, CA 94114",Coffee & Tea,4.42,1082,$,-9999.0,-9999.0,82955
100,Bella Trattoria,"3854 Geary Blvd, San Francisco, CA 94118",Italian,4.61,1632,$$,37.781268,-122.460842,2593
101,Lers Ros,"730 Larkin St, San Francisco, CA 94109",Thai,4.23,2263,$$,37.784741,-122.417754,69799
102,Hot Cookie,"407 Castro St, San Francisco, CA 94114",Bakeries,4.06,1565,$$,-9999.0,-9999.0,85670
103,Harris' Restaurant,"2100 Van Ness Ave, San Francisco, CA 94109",Steakhouses,4.56,1980,$$$$,37.795058,-122.423147,3053
104,Lovejoy's Tea Room,"1351 Church St, San Francisco, CA 94114",British,4.66,1263,$$,-9999.0,-9999.0,89475
105,Ryoko's,"619 Taylor St, San Francisco, CA 94102",Sushi Bars,4.22,3177,$$,37.788134,-122.411817,3495
107,Tommaso Ristorante Italiano,"1042 Kearny St, San Francisco, CA 94133",Italian,4.94,1720,$$,37.797398,-122.405322,486
108,Molinari Delicatessen,"373 Columbus Ave, San Francisco, CA 94133",Delis,4.79,1237,$$,37.798556,-122.407707,840
109,Hinodeya Ramen Bar,"1737 Buchanan St, San Francisco, CA 94115",Ramen,4.0,1587,$$,-9999.0,-9999.0,87765
110,Il Casaro Pizzeria & Mozzarella Bar - North Beach,"348 Columbus Ave, San Francisco, CA 94133",Italian,4.37,1481,$$,-9999.0,-9999.0,75147
111,Alexander's Steakhouse,"448 Brannan St, San Francisco, CA 94107",Steakhouses,3.81,1832,$$$$,37.779153,-122.395569,63191
112,Taqueria Cancún,"2288 Mission St, San Francisco, CA 94110",Mexican,4.25,2090,$$,37.760487,-122.419285,2315
113,B Star,"127 Clement St, San Francisco, CA 94118",Burmese,4.41,1995,$$,37.783093,-122.460649,33911
114,La Ciccia,"291 30th St, San Francisco, CA 94131",Seafood,4.53,1182,$$$,37.742064,-122.426618,65549
115,Roka Akor - San Francisco,"801 Montgomery St, San Francisco, CA 94133",Steakhouses,3.74,1469,$$$$,-9999.0,-9999.0,74239
116,The Original Ghirardelli Ice Cream & Chocolate Shop,"900 North Point, Ste 52, San Francisco, CA 94109",Ice Cream & Frozen Yogurt,4.28,2732,$$,-9999.0,-9999.0,96537
117,Tommy's Joynt,"1101 Geary Blvd, San Francisco, CA 94109",American (Traditional),4.46,2961,$$,-9999.0,-9999.0,87613
118,Holy Gelato!,"1392 9th Ave, San Francisco, CA 94122",Gelato,4.75,1100,$$,-9999.0,-9999.0,100504
121,Blue Plate,"3218 Mission St, San Francisco, CA 94110",American (Traditional),4.1,1523,$$$,37.745158,-122.420217,2689
122,Underdogs Tres,"1224 9th Ave, San Francisco, CA 94122",Sports Bars,4.34,2070,$$,37.765412,-122.466375,68773
123,La Fusión,"475 Pine St, San Francisco, CA 94104",Latin American,4.7,1165,$$,37.791743,-122.403677,66515
124,Parada 22,"1805 Haight St, San Francisco, CA 94117",Latin American,3.82,1364,$$,37.769303,-122.451961,62051
125,Acquerello,"1722 Sacramento St, San Francisco, CA 94109",Italian,4.95,1190,$$$$,37.791507,-122.421257,2175
126,Woodhouse Fish,"2073 Market St, San Francisco, CA 94114",Seafood,4.47,1757,$$,37.767631,-122.428569,19205
127,The Ice Cream Bar,"815 Cole St, San Francisco, CA 94117",Ice Cream & Frozen Yogurt,4.02,1364,$,37.766567,-122.450189,66684
128,Andytown Coffee Roasters,"3655 Lawton St, San Francisco, CA 94122",Coffee Roasteries,4.28,963,$,-9999.0,-9999.0,77004
129,Benu,"22 Hawthorne St, San Francisco, CA 94105",Asian Fusion,4.36,1118,$$$$,37.785608,-122.399069,62889
130,The Monk's Kettle,"3141 16th St, San Francisco, CA 94103",Bars,4.36,2272,$$,37.764814,-122.422979,35591
131,Dragon Beaux,"5700 Geary Blvd, San Francisco, CA 94121",Dim Sum,4.36,1980,$$,-9999.0,-9999.0,81116
132,Basa Seafood Express,"3064 24th St, San Francisco, CA 94110",Seafood,4.66,872,$,37.752578,-122.413372,59397
133,Salt & Straw,"586 Hayes St, San Francisco, CA 94102",Ice Cream & Frozen Yogurt,4.8,723,$$,-9999.0,-9999.0,90931
134,Pacific Catch,"2027 Chestnut St, San Francisco, CA 94123",Seafood,4.27,1689,$$,37.800763,-122.436536,305
135,Cracked & Battered - Potrero Hill,"1434 18th St, San Francisco, CA 94107",Breakfast & Brunch,4.81,1130,$$,-9999.0,-9999.0,95554
136,La Mediterranee,"2210 Fillmore St, San Francisco, CA 94115",Middle Eastern,3.83,1637,$$,37.789961,-122.433962,1322
137,Quince,"470 Pacific Ave, San Francisco, CA 94133",French,4.36,1540,$$$$,37.797378,-122.403344,61001
138,Urban Ritual,"488 Fell St, San Francisco, CA 94102",Bubble Tea,4.33,867,$,-9999.0,-9999.0,95621
139,Firefly Restaurant,"4288 24th St, San Francisco, CA 94114",American (New),3.82,1491,$$$,37.751068,-122.438242,2676
140,Pizzetta 211,"211 23rd Ave, San Francisco, CA 94121",Pizza,4.98,1390,$$,37.783758,-122.482885,40217
141,Souvla,"517 Hayes St, San Francisco, CA 94102",Greek,4.06,1590,$$,-9999.0,-9999.0,77731
142,Tadich Grill,"240 California St, San Francisco, CA 94111",Seafood,4.4,2582,$$$,37.793358,-122.399443,3122
143,Rich Table,"199 Gough St, San Francisco, CA 94102",American (New),3.91,1391,$$$,37.775001,-122.422655,69680
145,Art's Cafe,"747 Irving St, San Francisco, CA 94122",Diners,4.73,1186,$$,37.764013,-122.465749,48
146,Smuggler's Cove,"650 Gough St, San Francisco, CA 94102",Tiki Bars,4.01,1816,$$,-9999.0,-9999.0,61357
147,Hai Ky Noodles,"707 Ellis St, San Francisco, CA 94109",Chinese,4.62,1070,$$,37.784193,-122.417967,283
148,Lazy Bear,"3416 19th St, San Francisco, CA 94110",American (New),4.49,711,$$$$,-9999.0,-9999.0,80109
149,Yasukochi's Sweet Stop,"1790 Sutter St, San Francisco, CA 94115",Bakeries,4.4,743,$$,37.786568,-122.429754,7575
150,Yasukochi's Sweet Stop,"1790 Sutter St, San Francisco, CA 94115",Bakeries,4.75,743,$$,37.78659,-122.429815,7764
151,Dumpling Kitchen,"1935 Taraval St, San Francisco, CA 94116",Chinese,3.99,1875,$$,-9999.0,-9999.0,76942
152,Yummy Yummy,"1015 Irving St, San Francisco, CA 94122",Vietnamese,4.12,1508,$$,37.763913,-122.468809,1931
153,Mourad Restaurant,"140 New Montgomery St, Ste 1, San Francisco, CA 94105",Moroccan,4.26,1202,$$$$,-9999.0,-9999.0,74975
154,Perbacco,"230 California St, San Francisco, CA 94111",Italian,4.43,2124,$$$,37.793368,-122.399294,21785
155,Akiko's Restaurant,"431 Bush St, San Francisco, CA 94108",Sushi Bars,3.93,1928,$$$,37.790643,-122.404676,121
156,Trestle ,"531 Jackson St, San Francisco, CA 94133",American (New),4.82,987,$$$,-9999.0,-9999.0,82578
157,Hillstone,"1800 Montgomery St, San Francisco, CA 94111",American (New),4.06,2367,$$$,37.805643,-122.40529,38179
158,Fresh Brew Coffee,"882 Bush St, San Francisco, CA 94108",Coffee & Tea,4.49,642,$,-9999.0,-9999.0,77546
159,Brenda's Meat & Three,"919 Divisadero St, San Francisco, CA 94115",Breakfast & Brunch,3.98,1333,$$,37.778194,-122.438474,10875
160,Piccolo Forno,"725 Columbus Ave, San Francisco, CA 94133",Pizza,4.59,774,$$,-9999.0,-9999.0,85299
161,Farm : Table,"754 Post St, San Francisco, CA 94109",Coffee & Tea,4.13,1826,$$,-9999.0,-9999.0,86161
162,Zuni Café,"1658 Market St, San Francisco, CA 94102",Italian,3.56,2875,$$$,37.773415,-122.421598,3645
163,Liguria Bakery,"1700 Stockton St, San Francisco, CA 94133",Bakeries,4.48,787,$,37.801407,-122.409296,7762
164,Pancho Villa Taqueria,"3071 16th St, San Francisco, CA 94103",Mexican,3.95,2806,$$,37.764897,-122.421234,3651
180,Wildseed,"2000 Union St, San Francisco, CA 94123",Vegan,4.57,959,$$,-9999.0,-9999.0,82909
181,Stonemill Matcha,"561 Valencia St, San Francisco, CA 94110",Cafes,4.03,1069,$$,-9999.0,-9999.0,94126
182,Honey Honey Cafe and Crepery,"599 Post St, San Francisco, CA 94102",Breakfast & Brunch,4.33,2809,$$,37.787863,-122.411407,37682
183,Boiling Hot Pot,"5512 Geary Blvd, San Francisco, CA 94121",Hot Pot,4.2,1010,$$$,-9999.0,-9999.0,78332
184,Amélie,"1754 Polk St, San Francisco, CA 94109",Wine Bars,3.91,1392,$$,-9999.0,-9999.0,80930
185,Dynamo Donut & Coffee,"2760 24th St, San Francisco, CA 94110",Coffee & Tea,4.37,1963,$,37.752928,-122.407612,38423
186,Han Il Kwan,"1802 Balboa St, San Francisco, CA 94121",Korean,4.22,1754,$$,37.776599,-122.478292,3165
187,Stella Pastry & Cafe,"446 Columbus Ave, San Francisco, CA 94133",Bakeries,4.34,1433,$$,37.799065,-122.408355,33386
188,Wonderful Dessert & Cafe,"2035 Irving St, San Francisco, CA 94122",Candy Stores,4.11,1297,$,37.763399,-122.479654,18767
189,Chez Maman West,"401 Gough St, San Francisco, CA 94102",French,3.9,1369,$$,37.776889,-122.423039,69110
190,Tadu Ethiopian Kitchen,"484 Ellis St, San Francisco, CA 94102",Ethiopian,4.47,691,$$,-9999.0,-9999.0,80361
191,BIX,"56 Gold St, San Francisco, CA 94133",American (Traditional),3.94,1906,$$$$,37.796778,-122.402875,3520
192,Roam Artisan Burgers,"1785 Union St, San Francisco, CA 94123",Burgers,3.87,1591,$$,37.797954,-122.428477,63047
193,Limón,"524 Valencia St, San Francisco, CA 94110",Peruvian,3.98,2680,$$,37.764437,-122.421885,3076
194,The Italian Homemade Company,"1919 Union St, San Francisco, CA 94123",Italian,4.9,1093,$$,-9999.0,-9999.0,83575
195,Bi-Rite Market,"3639 18th St, San Francisco, CA 94110",Specialty Food,4.57,959,$$$,37.761483,-122.424688,4481
196,Taylor Street Coffee Shop,"375 Taylor St, San Francisco, CA 94102",Burgers,4.15,1215,$$,-9999.0,-9999.0,80285
197,The Alembic,"1725 Haight St, San Francisco, CA 94117",American (New),3.83,1679,$$,-9999.0,-9999.0,96027
198,Sushi Zone,"1815 Market St, San Francisco, CA 94103",Sushi Bars,4.01,1066,$$,37.771437,-122.423892,562
235,Pink Onion,"64 14th St, San Francisco, CA 94103",Pizza,4.53,592,$$,-9999.0,-9999.0,90511
236,Pancake Boy,"4007 24th St, San Francisco, CA 94114",Breakfast & Brunch,4.0,1103,$$,-9999.0,-9999.0,72027
237,Just For You Cafe,"732 22nd St, San Francisco, CA 94107",American (Traditional),4.2,1563,$$,37.757948,-122.388862,1671
238,Montesacro SOMA,"510 Stevenson St, San Francisco, CA 94103",Italian,4.66,840,$$,-9999.0,-9999.0,82538
239,Saru Sushi Bar - Noe Valley,"3856 24th St, San Francisco, CA 94114",Sushi Bars,4.72,917,$$$,37.751648,-122.428783,67690
240,Tataki,"2827 California St, San Francisco, CA 94115",Sushi Bars,3.8,1346,$$,-9999.0,-9999.0,86924
241,Muracci's Japanese Curry & Grill,"307 Kearny St, Ste 204, San Francisco, CA 94108",Japanese Curry,4.03,1756,$$,37.790924,-122.404094,36786
243,Izakaya Sozai,"1500 Irving St, San Francisco, CA 94122",Ramen,4.2,2116,$$,-9999.0,-9999.0,66736
245,Starbelly,"3583 16th St, San Francisco, CA 94114",Comfort Food,4.31,2056,$$,37.764233,-122.43254,60400
246,Flour + Water,"2401 Harrison St, San Francisco, CA 94110",Italian,3.83,2422,$$$,37.758913,-122.412426,59637
247,Picaro,"3120 16th St, San Francisco, CA 94103",Spanish,4.02,1780,$$,37.764908,-122.422442,3838
248,Trattoria Contadina,"1800 Mason St, San Francisco, CA 94133",Italian,4.13,1410,$$,37.800147,-122.412456,3481
249,Ozumo,"161 Steuart St, San Francisco, CA 94105",Sushi Bars,3.98,2549,$$$,37.792604,-122.392268,3409
250,SusieCakes,"2109 Chestnut St, San Francisco, CA 94123",Bakeries,4.03,1192,$$$,-9999.0,-9999.0,88380
252,Perilla,"836 Irving St, San Francisco, CA 94122",Vietnamese,3.83,1447,$$,-9999.0,-9999.0,79821
253,Cotogna,"490 Pacific Ave, San Francisco, CA 94133",Italian,4.57,1627,$$$,37.797378,-122.403344,63918
254,Delarosa,"2175 Chestnut St, San Francisco, CA 94123",Italian,4.48,1770,$$,37.800414,-122.439127,61512
255,Swensen's,"1999 Hyde St, San Francisco, CA 94109",Ice Cream & Frozen Yogurt,3.86,1116,$,37.799187,-122.419115,3323
256,Gusto Pinsa Romana,"1000 Bush St, San Francisco, CA 94109",Pizza,4.43,484,$$,-9999.0,-9999.0,98223
257,Wako Japanese Restaurant,"211 Clement St, San Francisco, CA 94118",Japanese,4.74,694,$$$$,-9999.0,-9999.0,75574
258,Burma Love,"211 Valencia St, San Francisco, CA 94103",Burmese,3.67,1452,$$,-9999.0,-9999.0,83643
259,Original Joe's,"601 Union St, San Francisco, CA 94133",Italian,4.04,1761,$$,37.800363,-122.409477,68090
260,Manna,"845 Irving St, San Francisco, CA 94122",Korean,4.41,1240,$$,37.763983,-122.46709,65382
261,Pho Huynh Hiep 2 - Kevin's Noodle House,"1833 Irving St, San Francisco, CA 94122",Vietnamese,3.96,1812,$$,37.763503,-122.477748,3211
262,Good Luck Dim Sum,"736 Clement St, San Francisco, CA 94118",Dim Sum,3.93,1774,$,-9999.0,-9999.0,77960
263,Cordon Bleu,"1574 California St, San Francisco, CA 94109",Vietnamese,4.03,1104,$$,37.790683,-122.420264,1345
264,Nopalito,"306 Broderick St, San Francisco, CA 94117",Mexican,4.1,1962,$$,37.773348,-122.439147,40001
265,Old Skool Cafe,"1429 Mendell St, San Francisco, CA 94124",Soul Food,4.16,603,$$,37.73434,-122.390559,67923
266,Beit Rima,"138 Church St, San Francisco, CA 94114",Arabic,4.6,549,$$,-9999.0,-9999.0,102398
267,Pica Pica Arepa Kitchen,"401 Valencia St, San Francisco, CA 94103",Gluten-Free,4.37,1601,$$,37.766394,-122.421986,62532
268,Bobo's Steakhouse,"1450 Lombard St, San Francisco, CA 94123",Steakhouses,4.38,2192,$$$,37.801218,-122.425535,2725
269,Atelier Crenn,"3127 Fillmore St, San Francisco, CA 94123",French,4.37,799,$$$$,37.798403,-122.435804,65060
271,The Richmond,"615 Balboa St, San Francisco, CA 94118",American (New),4.58,734,$$$,37.777123,-122.46534,16047
272,Crepevine Restaurants,"624 Irving St, San Francisco, CA 94122",Creperies,4.36,1683,$$,-9999.0,-9999.0,74759
273,Zushi Puzzle,"1910 Lombard St, San Francisco, CA 94123",Sushi Bars,4.03,1365,$$$,37.800248,-122.433053,2063
274,Sushi Bistro,"452 Balboa St, San Francisco, CA 94118",Sushi Bars,3.95,1531,$$,-9999.0,-9999.0,88954
275,Nojo Ramen Tavern,"231 Franklin St, San Francisco, CA 94102",Ramen,4.05,1050,$$,-9999.0,-9999.0,85279
284,Pineapple King Bakery,"1915 Irving St, San Francisco, CA 94122",Bakeries,4.66,805,$,-9999.0,-9999.0,81258
285,San Francisco's Hometown Creamery,"1290 9th Ave, San Francisco, CA 94122",Ice Cream & Frozen Yogurt,4.6,883,$$,-9999.0,-9999.0,82337
287,Yamo,"3406 18th St, San Francisco, CA 94110",Burmese,3.95,2027,$,37.761882,-122.419599,1231
288,Broken Record,"1166 Geneva Ave, San Francisco, CA 94112",Dive Bars,3.91,1256,$$,37.71444,-122.436835,34102
290,Boba Guys,"3491 19th St, San Francisco, CA 94110",Bubble Tea,4.16,1516,$,-9999.0,-9999.0,74039
293,Palmyra,"700 Haight St, San Francisco, CA 94117",Mediterranean,3.64,962,$,37.771698,-122.433903,64843
294,Amber India,"25 Yerba Buena Ln, San Francisco, CA 94103",Indian,4.09,2216,$$,37.785386,-122.403918,38259
297,Alimento,"507 Columbus Ave, San Francisco, CA 94133",Italian,4.48,787,$,-9999.0,-9999.0,85097
298,Gialina Pizzeria,"2842 Diamond St, San Francisco, CA 94131",Pizza,3.91,1129,$$,37.733934,-122.434095,32738
299,Mona Lisa Restaurant,"353 Columbus Ave, San Francisco, CA 94133",Italian,4.59,2061,$$,-9999.0,-9999.0,82485
300,Sushirrito,"226 Kearny St, San Francisco, CA 94108",Japanese,4.13,1572,$$,-9999.0,-9999.0,73849
301,Pork Store Cafe,"1451 Haight St, San Francisco, CA 94117",Breakfast & Brunch,3.95,1415,$$,37.770063,-122.446247,1047
302,Little Delhi,"83 Eddy St, San Francisco, CA 94102",Indian,4.41,2015,$$,37.784394,-122.409047,59178
303,Lokma,"1801 Clement St, San Francisco, CA 94121",Mediterranean,4.68,487,$$,-9999.0,-9999.0,93947
304,Omakase,"665 Townsend St, San Francisco, CA 94103",Sushi Bars,4.11,570,$$$$,-9999.0,-9999.0,80484
305,Papalote Mexican Grill,"3409 24th St, San Francisco, CA 94110",Mexican,3.59,2275,$$,37.752073,-122.420939,32925
306,Outerlands,"4001 Judah St, San Francisco, CA 94122",Breakfast & Brunch,4.38,2305,$$,-9999.0,-9999.0,74829
307,Tín Vietnamese Cuisine,"937 Howard St, San Francisco, CA 94103",Vietnamese,4.16,1360,$$,-9999.0,-9999.0,91457
308,The Little Chihuahua,"292 Divisadero St, San Francisco, CA 94117",Mexican,4.03,1548,$$,37.771987,-122.437147,59988
309,The Rotunda,"150 Stockton St, San Francisco, CA 94108",American (New),4.25,1774,$$$,37.787108,-122.406409,3578
310,Oasis Grill,"91 Drumm St, San Francisco, CA 94111",Middle Eastern,4.07,1298,$$,37.794483,-122.396584,58
311,Oasis Grill,"91 Drumm St, San Francisco, CA 94111",Middle Eastern,4.07,1298,$$,-9999.0,-9999.0,69962
312,Yank Sing,"101 Spear St, San Francisco, CA 94105",Dim Sum,3.38,2675,$$$,37.792577,-122.393992,1673
313,Yank Sing,"101 Spear St, San Francisco, CA 94105",Dim Sum,3.76,2675,$$$,37.792577,-122.393992,60475
314,Bandit,"683 Geary St, San Francisco, CA 94102",Burgers,4.35,503,$$,-9999.0,-9999.0,92174
315,Canela Bistro & Wine Bar,"2272 Market St, San Francisco, CA 94114",Spanish,4.71,734,$$$,-9999.0,-9999.0,66394
316,Beanstalk Cafe,"724 Bush St, San Francisco, CA 94108",Coffee & Tea,4.81,905,$,-9999.0,-9999.0,76763
317,Chisme Cantina,"882 Sutter St, San Francisco, CA 94109",Tacos,4.39,542,$$,-9999.0,-9999.0,82324
318,Bouche,"603 Bush St, San Francisco, CA 94108",French,4.31,838,$$$,37.790323,-122.407348,59691
319,Saint Frank Coffee,"2340 Polk St, San Francisco, CA 94109",Coffee & Tea,4.72,809,$,-9999.0,-9999.0,76409
320,Little Skillet,"360 Ritch St, San Francisco, CA 94107",Breakfast & Brunch,3.35,2081,$$,-9999.0,-9999.0,75406
321,Volcano,"5454 Geary Blvd, San Francisco, CA 94121",Japanese Curry,3.84,1288,$$,37.780515,-122.477846,39695
322,Barbacco,"220 California St, San Francisco, CA 94111",Italian,3.93,1635,$$,37.793419,-122.399088,61550
323,Il Canto Cafe,"475 Sacramento St, San Francisco, CA 94111",Coffee & Tea,4.35,481,$,37.794063,-122.400726,71915
325,Press Club,"20 Yerba Buena Ln, San Francisco, CA 94103",Wine Bars,4.1,1195,$$$,37.785386,-122.403723,37350
326,Ritual Coffee Roasters,"1026 Valencia St, San Francisco, CA 94110",Coffee Roasteries,3.29,1918,$$,37.756427,-122.421094,18996
327,Butter,"354 11th St, San Francisco, CA 94103",Dive Bars,4.08,1140,$,37.771168,-122.413179,2407
328,Eiji,"317 Sanchez St, San Francisco, CA 94114",Sushi Bars,3.87,1118,$$,-9999.0,-9999.0,81971
329,"La Boulangerie de San Francisco, Pine","2325 Pine St, San Francisco, CA 94115",Bakeries,4.6,802,$,-9999.0,-9999.0,85158
330,My Tofu House,"4627 Geary Blvd, San Francisco, CA 94118",Korean,4.11,1694,$$,-9999.0,-9999.0,83148
331,Sanraku,"704 Sutter St, San Francisco, CA 94109",Japanese,4.25,1802,$$,37.788798,-122.412164,2843
332,LaoTable,"149 2nd St, San Francisco, CA 94105",Laotian,3.67,1275,$$,37.787343,-122.398902,15738
333,Patxi's Pizza,"511 Hayes St, San Francisco, CA 94102",Pizza,3.8,2408,$$,37.776593,-122.425017,17762
334,Pizzeria Delfina - Pacific Heights,"2406 California St, San Francisco, CA 94115",Pizza,3.82,1511,$$,37.788878,-122.434283,38788
335,San Francisco Wine Society,"408 Merchant St, San Francisco, CA 94111",Wine Bars,4.29,822,$$,37.795428,-122.400714,67509
336,Helmand Palace,"2424 Van Ness Ave, San Francisco, CA 94109",Afghan,4.72,865,$$,-9999.0,-9999.0,83995
337,Basil Thai Restaurant & Bar,"1175 Folsom St, San Francisco, CA 94103",Thai,3.88,1545,$$,37.775508,-122.409361,3459
338,El Metate Restaurant,"2406 Bryant St, San Francisco, CA 94110",Mexican,4.13,1192,$$,-9999.0,-9999.0,70019
339,Cha-Ya San Francisco,"762 Valencia St, San Francisco, CA 94110",Japanese,4.32,1251,$$,37.760777,-122.421505,69181
340,Marcella's Lasagneria,"1099 Tennessee St, San Francisco, CA 94107",Italian,4.55,445,$$,-9999.0,-9999.0,82636
341,Chloe's Cafe,"1399 Church St, San Francisco, CA 94114",Breakfast & Brunch,4.14,1039,$$,37.748594,-122.427116,1332
342,Kingdom Of Dumplings,"1713 Taraval St, San Francisco, CA 94116",Dim Sum,4.06,2251,$$,-9999.0,-9999.0,80316
343,Delarosa,"37 Yerba Buena Ln, San Francisco, CA 94103",Pizza,3.94,1466,$$,-9999.0,-9999.0,84038
344,Mazarine Coffee,"720 Market St, San Francisco, CA 94102",Coffee & Tea,3.94,817,$$,-9999.0,-9999.0,79753
345,The Grove Yerba Buena,"690 Mission St, San Francisco, CA 94105",Sandwiches,3.76,2015,$$,37.786474,-122.401788,61602
346,Arizmendi Bakery,"1268 Valencia St, San Francisco, CA 94110",Bakeries,4.52,688,$,37.752612,-122.420769,64116
347,Mikkeller Bar,"34 Mason St, San Francisco, CA 94102",Gastropubs,3.97,1247,$$,-9999.0,-9999.0,74358
348,Ace Wasabi  Rock-N-Roll Sushi,"3339 Steiner St, San Francisco, CA 94123",Sushi Bars,3.8,1008,$$,37.800215,-122.437834,3727
349,Curry Leaf,"943 Columbus Ave, San Francisco, CA 94133",Indian,4.92,758,$$,-9999.0,-9999.0,76543
350,Thai Idea Vegetarian,"710 Polk St, San Francisco, CA 94109",Thai,4.58,779,$$,-9999.0,-9999.0,93336
351,Marnee Thai,"2225 Irving St, San Francisco, CA 94122",Thai,3.78,1894,$$,37.763343,-122.481809,538
352,Zeitgeist,"199 Valencia St, San Francisco, CA 94103",Bars,3.7,2691,$,-9999.0,-9999.0,68799
353,Capo's by Tony Gemignani,"641 Vallejo St, San Francisco, CA 94133",Italian,3.83,896,$$,-9999.0,-9999.0,68321
354,CoffeeShop,"3139 Mission St, San Francisco, CA 94110",Coffee & Tea,4.38,379,$$,-9999.0,-9999.0,74202
355,Cafe Bunn Mi,"417 Clement St, San Francisco, CA 94118",Vietnamese,4.15,1359,$$,37.782953,-122.4637,66361
356,Ananda Fuara,"1298 Market St, San Francisco, CA 94102",Vegetarian,3.85,1129,$$,37.777824,-122.415969,2561
357,Shabu Club,"951 Clement St, San Francisco, CA 94118",Japanese,3.99,908,$$$,-9999.0,-9999.0,71999
358,Joe’s Ice Cream,"5420 Geary Blvd, San Francisco, CA 94121",Ice Cream & Frozen Yogurt,4.18,895,$,37.780488,-122.477751,68784
359,Cafe de Casa,"2701 Leavenworth St, San Francisco, CA 94133",Coffee & Tea,4.38,498,$$,-9999.0,-9999.0,82315
360,Nob Hill Cafe,"1152 Taylor St, San Francisco, CA 94108",Italian,4.29,1411,$$,37.793238,-122.412746,1829
362,The Progress,"1525 Fillmore St, San Francisco, CA 94115",American (New),3.95,943,$$$$,-9999.0,-9999.0,80893
363,Keeva Indian Kitchen,"908 Clement St, San Francisco, CA 94118",Indian,4.29,641,$$,-9999.0,-9999.0,89025
364,SPQR,"1911 Fillmore St, San Francisco, CA 94115",Italian,3.4,2026,$$$$,37.787295,-122.433535,34418
365,House of Nanking,"919 Kearny St, San Francisco, CA 94133",Dim Sum,3.7,3616,$$,37.796463,-122.405224,884
366,Plentea,"341 Kearny St, San Francisco, CA 94108",Tea Rooms,3.47,2046,$,-9999.0,-9999.0,77760
367,Rintaro,"82 14th St, San Francisco, CA 94103",Izakaya,3.81,754,$$$,-9999.0,-9999.0,79410
368,Mr Pollo,"2823 Mission St, San Francisco, CA 94110",American (New),4.39,620,$$$,-9999.0,-9999.0,77750
369,The Mill,"736 Divisadero St, San Francisco, CA 94117",Coffee & Tea,4.19,1259,$$,-9999.0,-9999.0,71366
370,Dancing Yak,"280 Valencia St, San Francisco, CA 94103",Himalayan/Nepalese,4.68,613,$$,-9999.0,-9999.0,95177
371,Chong Qing Xiao Mian,"915 Kearny St, San Francisco, CA 94133",Noodles,3.59,994,$$,-9999.0,-9999.0,88082
372,PABU Izakaya San Francisco,"101 California St, San Francisco, CA 94111",Japanese,3.87,1158,$$$$,37.793424,-122.398168,61499
373,PABU Izakaya San Francisco,"101 California St, San Francisco, CA 94111",Japanese,4.01,1158,$$$$,37.793424,-122.398168,61856
374,PABU Izakaya San Francisco,"101 California St, San Francisco, CA 94111",Japanese,4.31,1158,$$$$,-9999.0,-9999.0,78426
375,International Smoke San Francisco,"301 Mission St, San Francisco, CA 94105",Barbeque,4.35,1616,$$$,37.790958,-122.396042,39824
376,New Eritrea Restaurant & Bar,"907 Irving St, San Francisco, CA 94122",Ethiopian,3.93,801,$$,37.763964,-122.467639,3183
377,Rhea's Deli & Market,"800 Valencia St, San Francisco, CA 94110",Delis,4.68,678,$,-9999.0,-9999.0,78172
378,The Yellow Submarine,"503 Irving St, San Francisco, CA 94122",Sandwiches,4.19,967,$,37.764136,-122.463146,65531
379,Wooden Spoon,"2172 Market St, San Francisco, CA 94114",Breakfast & Brunch,4.84,496,$$,-9999.0,-9999.0,93105
380,IPOT,"1420 Irving St, San Francisco, CA 94122",Chinese,4.3,1131,$$$,-9999.0,-9999.0,81857
381,Mission Rock Resort,"817 Terry Francois Blvd, San Francisco, CA 94158",Seafood,3.98,1379,$$,-9999.0,-9999.0,69147
382,St. Francis Fountain,"2801 24th St, San Francisco, CA 94110",Breakfast & Brunch,3.85,1217,$$,37.752833,-122.408349,2421
383,San Francisco Museum of Modern Art,"151 3rd St, San Francisco, CA 94103",Art Museums,3.8,759,,-9999.0,-9999.0,87339
385,Frena,"132 6th St, San Francisco, CA 94103",Bakeries,4.32,432,$$,-9999.0,-9999.0,89728
386,Lou's Cafe,"1508 Taraval St, San Francisco, CA 94116",Breakfast & Brunch,4.5,468,$,-9999.0,-9999.0,79564
387,Live Sushi Bar,"2001 17th St, San Francisco, CA 94103",Sushi Bars,3.53,1305,$$,37.764693,-122.403699,37038
388,25 Lusk,"25 Lusk St, San Francisco, CA 94107",American (New),3.9,1459,$$$,37.778414,-122.394411,64384
389,25 Lusk,"25 Lusk St, San Francisco, CA 94107",American (New),3.78,1459,$$$,-9999.0,-9999.0,93572
390,Noe Valley Bakery,"4073 24th St, San Francisco, CA 94114",Bakeries,3.75,871,$$,37.751314,-122.433409,4434
391,Breakfast at Tiffany's,"2499 San Bruno Ave, San Francisco, CA 94134",Diners,4.13,1022,$$,-9999.0,-9999.0,78306
392,Philmore Creamery,"1840 Fillmore St, San Francisco, CA 94115",Gelato,4.21,324,$$,-9999.0,-9999.0,95657
393,Grubbin',"1404 Taraval St, San Francisco, CA 94116",Sandwiches,4.85,543,$$,-9999.0,-9999.0,77781
394,VeganBurg,"1466 Haight St, San Francisco, CA 94117",Vegan,3.73,921,$$,-9999.0,-9999.0,82373
395,Poc-Chuc,"2886 16th St, San Francisco, CA 94103",Latin American,4.46,578,$$,-9999.0,-9999.0,77548
396,The Fly Trap,"606 Folsom St, San Francisco, CA 94107",Bars,3.86,1069,$$,37.785404,-122.396979,38479
397,El Castillito,"136 Church St, Ste 1111, San Francisco, CA 94114",Mexican,3.66,887,$$,37.768776,-122.429095,943
398,Eats,"50 Clement St, San Francisco, CA 94118",American (Traditional),4.04,1260,$$,37.783221,-122.459588,61093
399,Kitava,"2011 Mission St, San Francisco, CA 94110",Gluten-Free,4.22,561,$$,-9999.0,-9999.0,90652
401,Cassava,"3519 Balboa St, San Francisco, CA 94121",American (New),3.8,951,$$$,37.775705,-122.496453,68493
402,West of Pecos,"550 Valencia St, San Francisco, CA 94110",American (Traditional),3.86,1096,$$,37.764087,-122.421881,68963
404,Hook Fish,"4542 Irving St, San Francisco, CA 94122",Seafood,4.68,805,$$,-9999.0,-9999.0,90758
405,House of Thai,"901 Larkin St, San Francisco, CA 94109",Thai,4.05,1486,$$,37.786119,-122.418182,64161
406,Shalimar,"532 Jones St, San Francisco, CA 94102",Pakistani,4.25,1464,$$,-9999.0,-9999.0,69665
407,Padrecito,"901 Cole St, San Francisco, CA 94117",Mexican,3.94,1027,$$,37.765644,-122.449974,71356
408,Jin Pot Shabu House,"5158 Geary Blvd, San Francisco, CA 94118",Japanese,3.85,415,$$$,-9999.0,-9999.0,92029
409,Oren's Hummus,"71 3rd St, San Francisco, CA 94103",Mediterranean,3.94,811,$$,-9999.0,-9999.0,94127
410,Cafe Europa,"4318 California St, San Francisco, CA 94118",German,4.52,528,$$,37.785108,-122.463874,70641
411,Aslam's Rasoi,"1037 Valencia St, San Francisco, CA 94110",Indian,3.82,965,$$,37.756293,-122.421016,65487
412,ROOH,"333 Brannan St, Ste 150, San Francisco, CA 94107",Indian,4.02,1000,$$$,-9999.0,-9999.0,86484
413,ROOH,"333 Brannan St, Ste 150, San Francisco, CA 94107",Indian,4.19,1000,$$$,-9999.0,-9999.0,89722
414,Lahore Karahi,"612 O'Farrell St, San Francisco, CA 94109",Indian,3.97,1464,$$,37.785635,-122.414779,69016
415,The Pink Elephant,"142 Minna St, San Francisco, CA 94105",Breakfast & Brunch,4.17,1599,$$$,-9999.0,-9999.0,69397
416,Trick Dog,"3010 20th St, San Francisco, CA 94110",Cocktail Bars,3.95,848,$$,-9999.0,-9999.0,71149
417,La Palma Mexicatessen,"2884 24th St, San Francisco, CA 94110",Mexican,4.06,691,$,37.752798,-122.409922,4914
418,15 Romolo,"15 Romolo Pl, San Francisco, CA 94133",Tapas/Small Plates,4.26,1075,$$,37.798244,-122.406324,1844
419,Rolling Out,"1722 Taraval St, San Francisco, CA 94116",Bakeries,4.54,492,$,37.742678,-122.484682,67567
420,Causwells,"2346 Chestnut St, San Francisco, CA 94123",American (New),3.97,858,$$,-9999.0,-9999.0,78338
421,Hong Kong Lounge,"5322 Geary Blvd, San Francisco, CA 94121",Dim Sum,3.52,1726,$$,-9999.0,-9999.0,99421
422,Ted's Market & Deli,"1530 Howard St, San Francisco, CA 94103",Delis,4.58,519,$,37.772723,-122.41608,4923
423,The Baked Bear,"303 Columbus Ave, San Francisco, CA 94133",Desserts,4.1,622,$,-9999.0,-9999.0,86294
425,Domo,"511 Laguna St, San Francisco, CA 94102",Sushi Bars,3.78,931,$$,37.775902,-122.426174,39513
426,Pho 2000,"637 Larkin St, San Francisco, CA 94109",Vietnamese,3.36,845,$$,-9999.0,-9999.0,99268
427,Aria Korean Street Food,"932 Larkin St, San Francisco, CA 94109",Korean,3.9,1089,$$,37.786565,-122.418116,69353
428,City View Restaurant,"662 Commercial St, San Francisco, CA 94111",Dim Sum,3.91,1433,$$,37.794127,-122.404074,3510
429,Caffe Greco,"423 Columbus Ave, San Francisco, CA 94133",Coffee & Tea,3.95,1120,$,37.79886,-122.408204,473
430,Jane on Fillmore,"2123 Fillmore St, San Francisco, CA 94115",Coffee & Tea,3.99,1087,$$,37.789404,-122.433954,64835
431,Magnolia Brewing - Haight,"1398 Haight St, San Francisco, CA 94117",Gastropubs,3.84,1809,$$,-9999.0,-9999.0,93539
432,Tacolicious,"741 Valencia St, San Francisco, CA 94110",Caterers,3.55,1570,$$,37.760974,-122.421456,66685
433,Freddie's Sandwiches,"300 Francisco St, San Francisco, CA 94133",Sandwiches,4.63,539,$,37.805128,-122.410284,4465
434,The Baked Bear,"2824 Jones St, San Francisco, CA 94133",Ice Cream & Frozen Yogurt,4.42,433,$,-9999.0,-9999.0,86283
435,The Shota,"115 Sansome St, San Francisco, CA 94104",Japanese,4.7,226,$$$$,-9999.0,-9999.0,82930
437,Monsieur Benjamin,"451 Gough St, San Francisco, CA 94102",French,3.83,1034,$$$,-9999.0,-9999.0,78213
438,Sodini's Green Valley Restaurant,"510 Green St, San Francisco, CA 94133",Italian,4.46,990,$$,37.799697,-122.407614,63121
439,Phat Philly,"3388 24th St, San Francisco, CA 94110",Sandwiches,4.28,1062,$$,-9999.0,-9999.0,79025
440,Bi-Rite Market,"550 Divisadero St, San Francisco, CA 94117",Grocery,4.38,518,$$$,-9999.0,-9999.0,71530
441,Christopher Elbow Chocolates,"401 Hayes St, San Francisco, CA 94102",Desserts,4.15,490,$$$,-9999.0,-9999.0,84888
442,Alegrias,"2018 Lombard St, San Francisco, CA 94123",Spanish,3.73,861,$$,37.800048,-122.434714,2507
443,Bite,"912 Sutter St, San Francisco, CA 94104",Delis,3.5,837,$$,37.788367,-122.415474,59599
444,Plain Jane,"1000 Guerrero St, San Francisco, CA 94110",Breakfast & Brunch,4.61,442,$$,-9999.0,-9999.0,99740
445,Higher Grounds Coffee House,"691 Chenery St, San Francisco, CA 94131",Coffee & Tea,4.26,470,$$,37.734483,-122.43368,1339
446,Arinell Pizza,"509 Valencia St, San Francisco, CA 94110",Pizza,4.29,1228,$,37.764744,-122.421803,1081
447,Escape From New York Pizza,"1737 Haight St, San Francisco, CA 94117",Pizza,3.82,1198,$,37.769423,-122.451227,58781
448,The Pawn Shop,"993 Mission St, San Francisco, CA 94103",Speakeasies,4.45,385,$$,-9999.0,-9999.0,98222
449,Sons & Daughters,"708 Bush St, San Francisco, CA 94108",American (New),3.89,734,$$$$,-9999.0,-9999.0,81974
450,The Cavalier,"360 Jessie St, San Francisco, CA 94103",American (New),3.93,1075,$$$,-9999.0,-9999.0,75187
451,Toyose,"3814 Noriega St, San Francisco, CA 94122",Korean,3.21,1637,$$,-9999.0,-9999.0,69528
452,Wayo Sushi,"1407 Van Ness Ave, San Francisco, CA 94109",Sushi Bars,4.01,736,$$,37.788609,-122.42213,323
453,Miette Patisserie & Confiserie,"449 Octavia St, San Francisco, CA 94102",Bakeries,3.86,705,$$,37.776257,-122.424648,33084
454,Caffe Macaroni,"59 Columbus Ave, San Francisco, CA 94133",Italian,4.16,590,$$,-9999.0,-9999.0,88821
455,Sixth Course,"1544 15th St, San Francisco, CA 94103",Desserts,4.57,385,$$,-9999.0,-9999.0,79783
456,El Farolito,"2950 24th St, San Francisco, CA 94110",Mexican,3.97,905,$,37.752728,-122.411122,2427
457,Taqueria Vallarta,"3033 24th St, San Francisco, CA 94110",Tacos,3.76,891,$$,-9999.0,-9999.0,98995
459,Tonga Room & Hurricane Club,"950 Mason St, San Francisco, CA 94108",Asian Fusion,3.4,2837,$$$,-9999.0,-9999.0,85933
460,Tonga Room & Hurricane Club,"950 Mason St, San Francisco, CA 94108",Asian Fusion,3.64,2837,$$$,-9999.0,-9999.0,85935
461,Tonga Room & Hurricane Club,"950 Mason St, San Francisco, CA 94108",Asian Fusion,3.79,2837,$$$,-9999.0,-9999.0,85936
462,Tonga Room & Hurricane Club,"950 Mason St, San Francisco, CA 94108",Asian Fusion,3.79,2837,$$$,-9999.0,-9999.0,85937
463,Tacolicious,"2250 Chestnut St, San Francisco, CA 94123",Cocktail Bars,3.32,1696,$$,-9999.0,-9999.0,88139
465,Campton Place,"340 Stockton St, San Francisco, CA 94108",American (New),3.82,739,$$$$,37.789128,-122.406847,34221
468,Haight Street Market,"1530 Haight St, San Francisco, CA 94117",Grocery,4.84,482,$$,37.769957,-122.447533,64660
469,Haight Street Market,"1530 Haight St, San Francisco, CA 94117",Grocery,4.3,482,$$,-9999.0,-9999.0,80961
470,Z & Y Restaurant,"655 Jackson St, San Francisco, CA 94133",Dim Sum,3.81,1952,$$,-9999.0,-9999.0,76477
471,Little Sweet - Inner Richmond,"3836 Geary Blvd, San Francisco, CA 94118",Bubble Tea,4.03,824,$$,-9999.0,-9999.0,81884
472,Sears Fine Food,"439 Powell St, San Francisco, CA 94102",American (Traditional),3.37,2085,$$,37.788823,-122.408554,3482
473,Crustacean,"1475 Polk St, Fl 3, San Francisco, CA 94109",Asian Fusion,3.46,1707,$$$,37.790324,-122.420664,1144
474,Crustacean,"1475 Polk St, Fl 3, San Francisco, CA 94109",Asian Fusion,3.38,1707,$$$,37.790324,-122.420664,3048
475,Crustacean,"1475 Polk St, Fl 3, San Francisco, CA 94109",Asian Fusion,3.55,1707,$$$,37.790324,-122.420664,65672
476,La Corneta Taqueria,"2834 Diamond St, San Francisco, CA 94131",Mexican,3.91,1232,$$,37.734012,-122.434072,69475
477,Ristorante Milano,"1448 Pacific Ave, San Francisco, CA 94109",Italian,4.07,734,$$$,37.795398,-122.419044,65833
478,Mission Street Oyster Bar & Seafood Restaurant,"2282 Mission St, San Francisco, CA 94110",Seafood,3.93,687,$$,-9999.0,-9999.0,69813
480,Mo's Grill,"1322 Grant Ave, San Francisco, CA 94133",Burgers,3.93,894,$$,37.799058,-122.407217,480
482,Cha Cha Cha,"2327 Mission St, San Francisco, CA 94110",Bars,3.41,2003,$$,-9999.0,-9999.0,89141
483,Sakesan Sushi & Bistro,"626 Clement St, San Francisco, CA 94118",Japanese,4.1,1138,$$,37.782898,-122.466011,65813
484,Lupa Trattoria,"4109 24th St, San Francisco, CA 94114",Italian,3.85,702,$$,37.751243,-122.434529,1626
485,Johnny Foley's,"243 O'Farrell St, San Francisco, CA 94102",Irish,4.16,1347,$$,37.786314,-122.408697,3796
486,Fable,"558 Castro St, San Francisco, CA 94114",American (New),3.4,693,$$,37.759928,-122.434945,71328
487,Saffron 685,"685 Townsend St, San Francisco, CA 94103",Mediterranean,3.5,859,$$,37.770728,-122.402962,27947
488,Breadbelly,"1408 Clement St, San Francisco, CA 94118",Bakeries,4.51,381,$$,-9999.0,-9999.0,97975
489,Le Colonial,"20 Cosmo Pl, San Francisco, CA 94109",Vietnamese,3.33,1744,$$$,37.788108,-122.412394,3935
490,Cioppino's,"400 Jefferson St, San Francisco, CA 94109",Italian,3.77,1817,$$,37.807854,-122.419124,3120
491,Kazan,"2809 24th St, San Francisco, CA 94110",Japanese,4.16,525,$$,-9999.0,-9999.0,80629
492,The Pizza Shop,"3104 24th St, San Francisco, CA 94110",Pizza,4.43,444,$,-9999.0,-9999.0,75465
493,Norman's Ice Cream & Freezes,"2801 Leavenworth St, San Francisco, CA 94133",Ice Cream & Frozen Yogurt,4.47,386,$,37.807155,-122.419004,1442
494,Norman's Ice Cream & Freezes,"2801 Leavenworth St, San Francisco, CA 94133",Ice Cream & Frozen Yogurt,4.41,386,$,37.807155,-122.419004,31
495,ChouChou French Bistro,"400 Dewey Blvd, San Francisco, CA 94116",French,4.25,1283,$$$,37.747174,-122.459368,71476
496,Crown & Crumpet Tea Salon,"1746 Post St, San Francisco, CA 94115",Tea Rooms,4.26,771,$$,-9999.0,-9999.0,73998
497,Saison,"178 Townsend St, San Francisco, CA 94107",American (New),3.88,581,$$$$,-9999.0,-9999.0,70949
498,Kuma Sushi + Sake,"1040 Polk St, San Francisco, CA 94109",Sushi Bars,4.07,434,$$,-9999.0,-9999.0,91989
499,Rocco's Café,"1131 Folsom St, San Francisco, CA 94103",Italian,3.86,1057,$$,37.776127,-122.408602,2995
500,Birdsong,"1085 Mission St, San Francisco, CA 94103",American (New),4.33,343,$$$$,-9999.0,-9999.0,94280
501,Papito Potrero Hill,"1457 18th St, San Francisco, CA 94107",Mexican,3.65,783,$$,37.762493,-122.397073,61460
502,Sushi Hon,"2598 Harrison St, San Francisco, CA 94110",Japanese,4.48,452,$$$$,37.749851,-122.415121,5301
503,Sushi Hon,"2598 Harrison St, San Francisco, CA 94110",Japanese,4.36,452,$$$$,-9999.0,-9999.0,86475
504,Palm House,"2032 Union St, San Francisco, CA 94123",Caribbean,4.1,1111,$$,-9999.0,-9999.0,78747
505,Street Taco,"1607 Haight St, San Francisco, CA 94117",Mexican,3.59,643,$$,-9999.0,-9999.0,79052
506,Elephant Sushi,"1916 Hyde St, San Francisco, CA 94109",Sushi Bars,3.91,860,$$$,37.79861,-122.418867,69512
507,HOT JOHNNIE’S,"4077 18th St, San Francisco, CA 94114",Sandwiches,4.9,247,$$,37.760893,-122.434459,66336
509,DragonEats,"520 Gough St, San Francisco, CA 94102",Vietnamese,4.49,460,$,37.778357,-122.423237,69388
510,Golden Star Vietnamese Restaurant,"11 Walter U Lum Pl, San Francisco, CA 94108",Vietnamese,3.78,1275,$$,37.794555,-122.405724,3547
511,GIO Gelati - San Francisco,"1998 Union St, San Francisco, CA 94123",Gelato,3.96,295,$,-9999.0,-9999.0,93822
512,Yo Yo's,"318 Pacific Ave, San Francisco, CA 94111",Japanese,4.38,585,$,37.797668,-122.401134,4623
513,Bean Bag Cafe,"601 Divisadero St, San Francisco, CA 94117",Coffee & Tea,3.75,919,$$,37.775184,-122.437864,2374
515,Super Duper Burgers,"2201 Chestnut St, San Francisco, CA 94123",Burgers,3.67,972,$$,37.800344,-122.439697,66999
516,Sift Dessert Bar,"2411 California St, San Francisco, CA 94115",Desserts,3.63,733,$$,37.788834,-122.43402,69753
517,Fillmore Bakeshop,"1890 Fillmore St, San Francisco, CA 94115",Desserts,3.4,552,$$,37.786951,-122.433362,64346
518,Ambrosia Bakery,"2605 Ocean Ave, San Francisco, CA 94132",Bakeries,4.04,647,$,-9999.0,-9999.0,96110
519,ABV,"3174 16th St, San Francisco, CA 94103",Cocktail Bars,3.77,639,$$,-9999.0,-9999.0,78642
520,Teaspoon,"2125 Polk St, San Francisco, CA 94109",Desserts,3.69,622,$$,-9999.0,-9999.0,88574
521,Boogaloos,"3296 22nd St, San Francisco, CA 94110",American (Traditional),4.13,1143,$$,37.755357,-122.420652,2426
522,Lucca Delicatessen,"2120 Chestnut St, San Francisco, CA 94123",Delis,3.55,730,$$,37.800568,-122.438354,4734
523,Enjoy Vegetarian Restaurant,"754 Kirkham St, San Francisco, CA 94122",Chinese,3.18,569,$$,37.760198,-122.469081,17647
524,Noeteca Wine Bar,"1551 Dolores St, San Francisco, CA 94110",Wine Bars,4.38,498,$$,-9999.0,-9999.0,90010
525,Saiwaii Ramen,"2240 Irving St, San Francisco, CA 94122",Ramen,3.89,1219,$$,37.763368,-122.482262,63615
526,Dianda's Italian American Pastry,"2883 Mission St, San Francisco, CA 94110",Bakeries,3.85,678,$$,37.750959,-122.418264,7786
527,Poesia,"4072 18th St, San Francisco, CA 94114",Italian,3.77,846,$$$,37.760959,-122.434302,36614
528,Jasmine Garden,"708 14th St, San Francisco, CA 94114",Vietnamese,3.81,696,$$,37.767718,-122.429332,38070
529,Mission Chinese Food,"2234 Mission St, Lung Shan Restaurant, San Francisco, CA 94110",Chinese,3.63,2361,$$,-9999.0,-9999.0,78215
530,Brothers Restaurant,"4128 Geary Blvd, San Francisco, CA 94118",Korean,4.31,1267,$$,37.781148,-122.463762,39119
531,Za Pizza,"1919 Hyde St, San Francisco, CA 94109",Pizza,3.73,1186,$$,37.798553,-122.418964,2053
532,JIJIME,"5524 Geary Blvd, San Francisco, CA 94121",Korean,4.36,452,$$,-9999.0,-9999.0,93187
533,Tanguito,"2850 Jones St, San Francisco, CA 94133",Argentine,3.86,637,$$,37.807263,-122.41722,38307
534,Crostini & Java,"899 Hyde St, San Francisco, CA 94109",Coffee & Tea,4.95,266,$$,-9999.0,-9999.0,89138
535,Esperpento,"3295 22nd St, San Francisco, CA 94110",Spanish,3.03,1371,$$,37.755303,-122.420649,1584
536,Twisted Donuts and Coffee,"1243 Noriega St, San Francisco, CA 94122",Donuts,4.82,518,$,-9999.0,-9999.0,79407
537,OSHA Thai Noodle Cafe,"696 Geary St, San Francisco, CA 94102",Thai,3.39,1703,$$,37.786598,-122.414583,1741
538,E&O Kitchen and Bar,"314 Sutter St, San Francisco, CA 94108",Asian Fusion,3.91,1150,$$,-9999.0,-9999.0,88475
540,Flores,"2030 Union St, San Francisco, CA 94123",Mexican,3.91,809,$$,-9999.0,-9999.0,89775
541,Paprika,"3324 24th St, San Francisco, CA 94110",Czech,4.19,438,$$,-9999.0,-9999.0,78762
542,Java Beach Café,"1396 La Playa St, San Francisco, CA 94122",Coffee & Tea,3.95,1151,$$,37.760416,-122.509106,961
543,Iza Ramen Lower Haight,"237 Fillmore St, San Francisco, CA 94117",Ramen,3.6,771,$$,-9999.0,-9999.0,83994
544,Nabe,"1325 9th Ave, San Francisco, CA 94122",Hot Pot,3.71,553,$$,-9999.0,-9999.0,88577
545,Boba Guys,"8 Octavia St, San Francisco, CA 94102",Coffee & Tea,3.71,573,$,-9999.0,-9999.0,85809
546,Daigo Sushi,"2450 Clement St, San Francisco, CA 94121",Japanese,3.54,548,$$,-9999.0,-9999.0,69957
547,Nara,"1515 Polk St, San Francisco, CA 94109",Japanese,4.3,429,$$,-9999.0,-9999.0,91453
548,New Taraval Cafe,"1054 Taraval St, San Francisco, CA 94116",Breakfast & Brunch,4.59,566,$$,-9999.0,-9999.0,82100
549,Ginza Sushi & Sake,"1793 Haight St, San Francisco, CA 94117",Sushi Bars,3.62,551,$$,-9999.0,-9999.0,86073
550,Kaiju Eats Ramen and Izakaya,"3409 Geary Blvd, San Francisco, CA 94118",Sushi Bars,4.08,857,$$,-9999.0,-9999.0,84656
551,Rooster & Rice,"2211 Filbert St, San Francisco, CA 94123",Chicken Shop,4.17,489,$$,-9999.0,-9999.0,94722
552,Toyama Sushi,"3727 Geary Blvd, San Francisco, CA 94118",Japanese,4.18,340,$$,-9999.0,-9999.0,94959
553,District San Francisco,"216 Townsend St, San Francisco, CA 94107",Wine Bars,4.17,1187,$$,37.778534,-122.393219,24534
554,Cafe La Flore Irving,"1340 Irving St, San Francisco, CA 94122",Coffee & Tea,4.18,479,$$,37.763798,-122.472422,68909
555,Muguboka Restaurant,"401 Balboa St, San Francisco, CA 94118",Korean,3.77,800,$$,-9999.0,-9999.0,97882
557,Taqueria El Buen Sabor,"699 Valencia St, San Francisco, CA 94110",Mexican,3.73,646,$,37.761743,-122.421492,1296
558,Terzo,"3011 Steiner St, San Francisco, CA 94123",Mediterranean,3.54,672,$$$,37.797144,-122.437224,18805
559,District Tea,"2154 Mission St, San Francisco, CA 94110",Bubble Tea,4.29,324,$$,-9999.0,-9999.0,100992
561,Ly's Vietnamese Cuisine,"1779 Lombard St, San Francisco, CA 94123",Vietnamese,4.23,527,$$,-9999.0,-9999.0,83403
562,San Francisco Wine & Cheese,"141 Gough St, San Francisco, CA 94102",Cheese Shops,4.75,163,$$,-9999.0,-9999.0,96598
563,A16,"2355 Chestnut St, San Francisco, CA 94123",Italian,3.55,2104,$$$,37.800043,-122.442097,10668
564,Vega,"419 Cortland Ave, San Francisco, CA 94110",Italian,3.96,686,$$,37.739207,-122.417447,95
565,Sai Jai Thai Restaurant,"771 O'Farrell St, San Francisco, CA 94109",Thai,3.93,943,$,37.785182,-122.417409,1734
566,Uncle Benny's Donut and Bagel,"2049 Irving St, San Francisco, CA 94122",Donuts,4.11,427,$$,-9999.0,-9999.0,78063
567,Souvla,"531 Divisadero St, San Francisco, CA 94117",Mediterranean,4.06,520,$$,-9999.0,-9999.0,87401
568,Barzotto,"1270 Valencia St, San Francisco, CA 94110",Italian,3.49,748,$$,-9999.0,-9999.0,88113
569,Brazen Head,"3166 Buchanan St, San Francisco, CA 94123",Steakhouses,3.9,810,$$,37.799218,-122.432517,665
570,Puerto Alegre,"546 Valencia St, San Francisco, CA 94110",Mexican,4.17,1108,$$,37.764148,-122.421855,2980
571,The Morris,"2501 Mariposa St, San Francisco, CA 94110",American (New),4.26,339,$$$,-9999.0,-9999.0,87203
572,Irving Subs,"1298 12th Ave, San Francisco, CA 94122",Sandwiches,4.34,425,$$,-9999.0,-9999.0,92242
573,Champa Garden,"613 Faxon Ave, San Francisco, CA 94112",Laotian,3.67,909,$$,-9999.0,-9999.0,75402
574,Moscow & Tbilisi Bakery Store,"5540 Geary Blvd, San Francisco, CA 94121",Bakeries,4.03,630,$,37.780439,-122.478982,3189
575,The Cheese Steak Shop,"1716 Divisadero St, San Francisco, CA 94115",Sandwiches,4.08,1013,$$,-9999.0,-9999.0,94703
576,Chambers,"601 Eddy St, San Francisco, CA 94109",American (New),4.3,997,$$,37.783194,-122.418096,65829
578,Purple Kow,"3620 Balboa St, San Francisco, CA 94121",Coffee & Tea,4.03,2490,$$,-9999.0,-9999.0,94928
579,Uva Enoteca,"568 Haight St, San Francisco, CA 94117",Italian,4.09,949,$$,37.771988,-122.431564,36758
580,AL's Place,"1499 Valencia St, San Francisco, CA 94110",American (New),3.63,903,$$$,-9999.0,-9999.0,80669
581,Gallardos Mexican Restaurant,"3248 18th St, San Francisco, CA 94110",Mexican,3.71,510,$$,-9999.0,-9999.0,74374
582,Octavia,"1701 Octavia St, San Francisco, CA 94109",American (New),3.94,628,$$$,-9999.0,-9999.0,81812
583,Beep’s Burgers,"1051 Ocean Ave, San Francisco, CA 94112",Burgers,3.92,843,$$,-9999.0,-9999.0,78996
584,Yank Sing,"49 Stevenson St, San Francisco, CA 94105",Dim Sum,3.43,1679,$$$,37.789867,-122.399462,3200
585,Arabian Nights Restaurant,"2345 Mission St, San Francisco, CA 94110",Wine Bars,3.76,745,$$,37.759484,-122.419107,66400
586,Yuanbao Jiaozi,"2110 Irving St, San Francisco, CA 94122",Chinese,4.44,459,$$,-9999.0,-9999.0,94318
587,The Black Horse London Pub,"1514 Union St, San Francisco, CA 94123",Pubs,4.23,333,$,37.798528,-122.424394,1323
589,Uncle Vito's Pizza,"700 Bush St, San Francisco, CA 94108",Pizza,4.17,1318,$$,37.790219,-122.408849,1565
590,Giorgio's Pizzeria,"151 Clement St, San Francisco, CA 94118",Pizza,4.19,1086,$$,37.783073,-122.461009,3218
591,Cafe Jacqueline,"1454 Grant Ave, San Francisco, CA 94133",French,3.72,673,$$$$,37.800428,-122.407517,845
592,Leleka,"40 Belden Pl, San Francisco, CA 94104",Ukrainian,4.4,262,$$,37.791318,-122.403757,1692
593,Ocean Indian Cuisine,"6127 Geary Blvd, San Francisco, CA 94121",Indian,4.89,201,$$,37.779984,-122.485229,62765
594,Handy Deli,"1815 Irving St, San Francisco, CA 94122",Delis,4.35,279,$,37.763524,-122.47751,33173
595,LaLe,"731 Irving St, San Francisco, CA 94122",Breakfast & Brunch,3.62,552,$$,-9999.0,-9999.0,81135
596,A La Turca,"869 Geary St, San Francisco, CA 94109",Turkish,4.15,859,$$,37.786143,-122.417617,2110
597,Balompie Cafe,"3349 18th St, San Francisco, CA 94110",Salvadoran,3.86,713,$$,37.761836,-122.418296,2648
598,Okoze Sushi,"1207 Union St, San Francisco, CA 94109",Sushi Bars,4.1,675,$$$,37.799143,-122.419317,2469
599,Victor's Pizzeria & Italian Restaurant,"1411 Polk St, San Francisco, CA 94109",Pizza,4.25,1058,$$,37.789944,-122.420595,3031
600,The Dorian,"2001 Chestnut St, San Francisco, CA 94123",American (Traditional),3.9,853,$$,-9999.0,-9999.0,84619
601,Waraku,"1638 Post St, San Francisco, CA 94115",Ramen,3.54,961,$$,37.78577,-122.428802,71430
602,Kasa Indian Eatery,"4001 18th St, San Francisco, CA 94114",Indian,3.31,1120,$,37.760974,-122.432959,36876
603,Vital Tea Leaf,"1044 Grant Ave, San Francisco, CA 94133",Coffee & Tea,4.41,369,$$,37.796597,-122.406696,15806
604,Kung Food,"1615 McAllister St, San Francisco, CA 94115",Chinese,3.53,617,$$,-9999.0,-9999.0,82022
605,The Sycamore,"2140 Mission St, San Francisco, CA 94110",Gastropubs,3.88,774,$$,37.762789,-122.419495,64076
607,The Boys’ Deli,"2222 Polk St, Polk & Green Produce Market, San Francisco, CA 94109",Delis,4.55,363,$$,37.797238,-122.421956,6864
608,Sam Wo Restaurant,"713 Clay St, San Francisco, CA 94108",Chinese,4.05,1165,$,-9999.0,-9999.0,92825
609,Brioche Bakery & Cafe,"210 Columbus Ave, San Francisco, CA 94133",Breakfast & Brunch,3.3,593,$$,-9999.0,-9999.0,75523
610,Pacific Cafe,"7000 Geary Blvd, San Francisco, CA 94121",Seafood,3.7,785,$$,-9999.0,-9999.0,98176
611,Tartine Manufactory,"595 Alabama St, San Francisco, CA 94110",Bakeries,3.41,1364,$$,-9999.0,-9999.0,86358
612,Panchita's Restaurant,"3091 16th St, San Francisco, CA 94103",Salvadoran,3.79,813,$$,37.764903,-122.421609,19003
613,Chai Bar By David Rio,"1019 Market St, San Francisco, CA 94103",Tea Rooms,4.61,478,$,-9999.0,-9999.0,82009
614,La Traviata,"2854 Mission St, San Francisco, CA 94110",Italian,3.67,603,$$,37.751296,-122.418414,2359
615,Hodala,"5801 Geary Blvd, San Francisco, CA 94121",Taiwanese,3.66,626,$$,-9999.0,-9999.0,93913
616,Piperade,"1015 Battery St, San Francisco, CA 94111",Basque,4.29,904,$$$,37.800674,-122.401484,786
617,Rosamunde Sausage Grill,"2832 Mission St, San Francisco, CA 94110",German,4.14,992,$$,37.751587,-122.418444,61736
618,Heirloom Cafe,"2500 Folsom St, San Francisco, CA 94110",American (New),3.64,507,$$$,37.757117,-122.414545,62487
619,RT Rotisserie,"101 Oak St, San Francisco, CA 94102",Salad,3.79,533,$$,-9999.0,-9999.0,91191
620,Bullshead Restaurant,"840 Ulloa St, San Francisco, CA 94127",Steakhouses,4.08,873,$$,37.740785,-122.465507,1950
621,Nook,"1500 Hyde St, San Francisco, CA 94109",Coffee & Tea,4.07,733,$$,-9999.0,-9999.0,93536
623,SPRO,"601 Mission Bay Blvd N, San Francisco, CA 94158",Coffee & Tea,4.34,259,$,-9999.0,-9999.0,98309
624,4505 Burgers & BBQ - San Francisco,"705 Divisadero St, San Francisco, CA 94117",Barbeque,3.26,1809,$$,-9999.0,-9999.0,76962
625,Piqueo's,"830 Cortland Ave, San Francisco, CA 94110",Latin American,3.52,724,$$$,37.738893,-122.414078,34708
626,Teeth,"2323 Mission St, San Francisco, CA 94110",Bars,3.19,1050,$$,37.759824,-122.419136,66704
627,Rise & Grind Coffee and Tea,"785 8th Ave, San Francisco, CA 94118",Coffee & Tea,4.15,367,$$,-9999.0,-9999.0,99085
628,Cheese Boutique,"660 Chenery St, San Francisco, CA 94131",Cheese Shops,4.8,200,$,37.734548,-122.433341,69291
629,Ushi Taro Ramen,"1382 9th Ave, San Francisco, CA 94122",Ramen,4.5,365,$$,-9999.0,-9999.0,96451
630,The Velo Rouge Cafe,"798 Arguello Blvd, San Francisco, CA 94118",Breakfast & Brunch,4.07,748,$,-9999.0,-9999.0,99761
631,Milkbean,"881 Post St, San Francisco, CA 94109",Cafes,4.4,289,$,-9999.0,-9999.0,89643
632,Ragazza,"311 Divisadero St, San Francisco, CA 94117",Italian,4.32,708,$$,37.772473,-122.437324,64057
633,Fermentation Lab,"1230 Market St, San Francisco, CA 94102",Gastropubs,4.38,301,$$,-9999.0,-9999.0,89865
634,The Tipsy Pig,"2231 Chestnut St, San Francisco, CA 94123",Gastropubs,3.72,1621,$$,37.800286,-122.439982,58861
635,Pho Phu Quoc PPQ Beef Noodle House Restaurant,"1816 Irving St, San Francisco, CA 94122",Vietnamese,3.47,1454,$$,37.763603,-122.477497,38808
636,Maykadeh,"470 Green St, San Francisco, CA 94133",Persian/Iranian,4.36,982,$$,37.799758,-122.407113,483
637,Aicha Moroccan Cuisine,"1303 Polk St, San Francisco, CA 94109",Moroccan,4.04,556,$$,37.788964,-122.420384,59949
638,Akira Japanese Restaurant,"1634 Bush St, San Francisco, CA 94109",Japanese,3.45,459,$$,-9999.0,-9999.0,88688
639,Oasis Cafe,"901 Divisadero St, San Francisco, CA 94115",Ethiopian,4.2,314,$$,37.777965,-122.438424,59179
640,Oasis Cafe,"901 Divisadero St, San Francisco, CA 94115",Ethiopian,4.71,314,$$,-9999.0,-9999.0,79267
641,Darren's Cafe,"2731 Taylor St, San Francisco, CA 94133",Vietnamese,3.71,655,$$,37.807584,-122.41574,69849
642,Happy Lamb Hot Pot,"405 Mason St, San Francisco, CA 94102",Hot Pot,3.8,669,$$,-9999.0,-9999.0,76874
643,Gaspare's Pizza House & Italian Restaurant,"5546 Geary Blvd, San Francisco, CA 94121",Italian,3.98,988,$$,37.78047,-122.478832,1389
644,ENO Wine Bar,"320 Geary St, San Francisco, CA 94102",Wine Bars,4.24,445,$$,-9999.0,-9999.0,71962
645,Chic n' Time,"807 Valencia St, San Francisco, CA 94110",Noodles,4.77,157,$$,37.759933,-122.421356,2317
646,MaMa Ji's,"4416 18th St, San Francisco, CA 94114",Dim Sum,3.75,835,$$,-9999.0,-9999.0,69782
647,Credo,"360 Pine St, San Francisco, CA 94104",Italian,3.88,897,$$$,37.792036,-122.402002,61635
648,KoJa Kitchen,"343 Clement St, San Francisco, CA 94118",Japanese,3.74,675,$$,-9999.0,-9999.0,78934
649,Viva Goa,"2420 Lombard St, San Francisco, CA 94123",Indian,3.73,569,$$,37.799188,-122.441423,63256
650,Sheba Piano Lounge,"1419 Fillmore St, San Francisco, CA 94115",Ethiopian,3.98,630,$$,37.782764,-122.432634,18606
651,Chutney,"511 Jones St, San Francisco, CA 94102",Indian,3.2,1280,$$,37.786044,-122.413054,71065
652,Mochica,"1469 18th St, San Francisco, CA 94107",Peruvian,4.0,700,$$,-9999.0,-9999.0,79989
653,Asha Tea House,"17 Kearny St, San Francisco, CA 94108",Coffee & Tea,4.21,635,$,-9999.0,-9999.0,82892
654,Goat Hill Pizza,"300 Connecticut St, San Francisco, CA 94107",Pizza,3.54,1284,$$,37.762367,-122.397515,2156
655,Great Eastern Restaurant,"649 Jackson St, San Francisco, CA 94133",Dim Sum,3.5,2167,$$,37.796093,-122.405918,3529
656,Brickhouse Bar & Grill,"426 Brannan St, San Francisco, CA 94107",American (Traditional),3.04,1204,$$,-9999.0,-9999.0,98974
657,Red Chilli,"522 Jones St, San Francisco, CA 94102",Indian,3.68,534,$$,-9999.0,-9999.0,74210
658,Saucy Asian,"3801 17th St, San Francisco, CA 94114",Korean,3.8,397,$$,-9999.0,-9999.0,85917
659,Pampanguena Cuisine,"4441 Mission St, San Francisco, CA 94112",Filipino,4.91,383,$$,37.727111,-122.432926,62179
660,The Social Study,"1795 Geary Blvd, San Francisco, CA 94115",Wine Bars,3.82,483,$$,-9999.0,-9999.0,67862
661,Cake Coquette,"1501 Cortland Ave, San Francisco, CA 94110",Desserts,4.26,241,$$,37.739764,-122.409475,66202
662,Cake Coquette,"1501 Cortland Ave, San Francisco, CA 94110",Desserts,4.23,241,$$,-9999.0,-9999.0,89191
663,Cake Coquette,"1501 Cortland Ave, San Francisco, CA 94110",Desserts,3.97,241,$$,-9999.0,-9999.0,90818
665,Cake Coquette,"1501 Cortland Ave, San Francisco, CA 94110",Desserts,4.21,241,$$,-9999.0,-9999.0,91450
666,Cake Coquette,"1501 Cortland Ave, San Francisco, CA 94110",Desserts,4.08,241,$$,-9999.0,-9999.0,98184
667,One Market Restaurant,"1 Market St, San Francisco, CA 94105",American (New),3.26,1364,$$$,37.794347,-122.394932,3082
668,One Market Restaurant,"1 Market St, San Francisco, CA 94105",American (New),3.26,1364,$$$,37.794347,-122.394932,389
669,One Market Restaurant,"1 Market St, San Francisco, CA 94105",American (New),3.28,1364,$$$,37.794347,-122.394932,68249
670,One Market Restaurant,"1 Market St, San Francisco, CA 94105",American (New),3.24,1364,$$$,-9999.0,-9999.0,81647
671,One Market Restaurant,"1 Market St, San Francisco, CA 94105",American (New),3.23,1364,$$$,-9999.0,-9999.0,82653
672,One Market Restaurant,"1 Market St, San Francisco, CA 94105",American (New),3.1,1364,$$$,-9999.0,-9999.0,84715
673,One Market Restaurant,"1 Market St, San Francisco, CA 94105",American (New),3.28,1364,$$$,-9999.0,-9999.0,85047
674,One Market Restaurant,"1 Market St, San Francisco, CA 94105",American (New),3.4,1364,$$$,-9999.0,-9999.0,86344
675,One Market Restaurant,"1 Market St, San Francisco, CA 94105",American (New),3.34,1364,$$$,-9999.0,-9999.0,87628
676,Golden Coffee Shop,"901 Sutter St, San Francisco, CA 94109",Breakfast & Brunch,3.8,486,$,-9999.0,-9999.0,95539
677,Caffe Ambrosia,"14 Trinity Pl, San Francisco, CA 94104",Ice Cream & Frozen Yogurt,4.47,316,$,37.790109,-122.402597,428
678,i-Tea,"253 Kearny St, San Francisco, CA 94108",Bubble Tea,3.78,579,$,-9999.0,-9999.0,84040
680,RAW Sugar Factory,"525 Valencia St, San Francisco, CA 94110",Breakfast & Brunch,3.54,710,$$,-9999.0,-9999.0,90568
681,Chalos,"2240 Taraval St, San Francisco, CA 94116",Coffee & Tea,4.3,357,$$,-9999.0,-9999.0,97065
682,Philz Coffee,"4298 24th St, San Francisco, CA 94114",Coffee & Tea,4.37,328,$$,37.751058,-122.438272,68079
683,The Spice Jar,"2500 Bryant St, San Francisco, CA 94110",Asian Fusion,3.91,428,$$,-9999.0,-9999.0,83472
684,Yemen Kitchen,"219 Jones St, San Francisco, CA 94102",Middle Eastern,4.17,246,$$,-9999.0,-9999.0,90487
685,Robin,"620 Gough St, San Francisco, CA 94102",Sushi Bars,3.8,458,$$$$,-9999.0,-9999.0,91502
686,Barcha,"28 Fremont St, San Francisco, CA 94105",Mediterranean,3.63,616,$$$,-9999.0,-9999.0,84124
687,Il Pollaio,"555 Columbus Ave, San Francisco, CA 94133",Italian,4.4,403,$$,37.800036,-122.409817,477
688,Bernie's,"3966 24th St, San Francisco, CA 94114",Coffee & Tea,4.09,366,$$,37.751533,-122.431118,35464
689,Pearl 6101,"6101 California St, San Francisco, CA 94121",Italian,4.45,365,$$,-9999.0,-9999.0,95114
690,Mr Szechuan,"890 Taraval St, San Francisco, CA 94116",Chinese,4.28,414,$$,-9999.0,-9999.0,86718
691,Outpost,"1052 Folsom St, San Francisco, CA 94103",Coffee & Tea,3.83,625,$$,37.777504,-122.406948,61390
692,El Farolito,"4817 Mission St, San Francisco, CA 94112",Mexican,3.77,719,$,37.721251,-122.437385,827
693,Begoni Bistro,"615 Jackson St, San Francisco, CA 94133",Dim Sum,3.89,873,$$,-9999.0,-9999.0,76876
694,Pat's Cafe,"2330 Taylor St, San Francisco, CA 94133",Breakfast & Brunch,3.78,793,$$,37.803947,-122.414927,1852
695,Lime Tree Southeast Asian Kitchen,"836 Clement St, San Francisco, CA 94118",Malaysian,4.51,389,$$,-9999.0,-9999.0,91250
696,Cocobang,"550 Taylor St, San Francisco, CA 94102",Korean,3.4,1048,$$,37.787657,-122.411627,21921
697,Kim Son Vietnamese Restaurant,"3614 Balboa St, San Francisco, CA 94121",Vietnamese,3.7,759,$$,37.775728,-122.497701,18102
698,El Burrito Express,"1812 Divisadero St, San Francisco, CA 94115",Mexican,4.16,800,$$,37.786407,-122.440057,628
699,John's Grill,"63 Ellis St, San Francisco, CA 94102",Steakhouses,3.35,1443,$$$,-9999.0,-9999.0,72171
700,The Jelly Donut,"3198 24th St, San Francisco, CA 94110",Donuts,4.02,288,$,37.752439,-122.41625,38929
701,Marcello's Pizza,"420 Castro St, San Francisco, CA 94114",Pizza,4.12,745,$,37.762057,-122.435145,902
702,Pho Tan Hoa,"431 Jones St, San Francisco, CA 94102",Vietnamese,3.78,647,$$,37.785446,-122.412972,33113
703,Pa'ina Lounge & Restaurant,"1865 Post St, San Francisco, CA 94115",Hawaiian,4.05,714,$$,-9999.0,-9999.0,84982
704,Alnico,"1050 Valencia St, San Francisco, CA 94110",Asian Fusion,4.28,302,$$,-9999.0,-9999.0,96600
705,Tortas Los Picudos,"2969 24th St, San Francisco, CA 94110",Mexican,4.35,329,$$,37.752653,-122.411359,62739
706,The Sandwich Place,"2029 Mission St, San Francisco, CA 94110",Sandwiches,4.15,294,$,37.764384,-122.419566,1075
707,Mission Bowling Club,"3176 17th St, San Francisco, CA 94110",Bowling,3.67,625,$$,37.763628,-122.416652,68394
708,707 Sutter,"707 Sutter St, San Francisco, CA 94109",Korean,3.9,800,$$,-9999.0,-9999.0,87285
709,Chubby Noodle,"570 Green St, San Francisco, CA 94133",Asian Fusion,3.75,846,$$,-9999.0,-9999.0,86423
710,Cafe International,"508 Haight St, San Francisco, CA 94117",Coffee & Tea,3.09,428,$,37.772097,-122.430814,2385
711,Bask,"42 Columbus Ave, San Francisco, CA 94111",Basque,3.67,726,$$,37.796095,-122.404063,68356
713,The Cheese School of San Francisco,"900 North Point St, Ste K201, San Francisco, CA 94109",Cafes,4.24,216,$$,37.805427,-122.422854,3054
714,Izzy's - San Francisco,"3345 Steiner St, San Francisco, CA 94123",Steakhouses,3.18,1210,$$$,37.800384,-122.437864,3885
715,WesBurger 'N' More,"2240 Mission St, San Francisco, CA 94110",Burgers,3.59,686,$$,-9999.0,-9999.0,85953
716,DragonEats,"555 Folsom St, San Francisco, CA 94105",Vietnamese,3.78,427,$,-9999.0,-9999.0,78965
717,Sababa,"329 Kearny St, San Francisco, CA 94108",Mediterranean,4.22,373,$$,-9999.0,-9999.0,86539
718,Szechuan Cuisine,"1920 Irving St, San Francisco, CA 94122",Szechuan,3.66,416,$$,-9999.0,-9999.0,81244
720,RM 212,"690 Sacramento St, San Francisco, CA 94111",Asian Fusion,4.32,411,$$,-9999.0,-9999.0,89497
721,Laguna Cafe,"1821 Haight St, San Francisco, CA 94117",Hookah Bars,4.22,426,$$,-9999.0,-9999.0,75448
722,Central Coffee Tea & Spice,"1696 Hayes St, San Francisco, CA 94117",Cafes,4.01,319,$,37.774198,-122.444214,1043
723,Atlas Cafe,"3049 20th St, San Francisco, CA 94110",Sandwiches,3.92,835,$$,37.759073,-122.411418,1792
724,Ploy II,"1770 Haight St, San Francisco, CA 94117",Thai,4.07,776,$$,37.769458,-122.451354,2397
725,Catch,"2362 Market St, San Francisco, CA 94114",Seafood,3.06,993,$$,37.763263,-122.43446,36014
726,Caffe Sport,"574 Green St, San Francisco, CA 94133",Italian,3.77,862,$$,-9999.0,-9999.0,88091
727,Taqueria Los Coyotes,"3036 16th St, San Francisco, CA 94103",Mexican,3.15,963,$$,37.765028,-122.420402,3614
728,Henry's House of Coffee - Cafe,"1618 Noriega St, San Francisco, CA 94122",Coffee & Tea,4.46,438,$,37.754058,-122.481201,6625
729,The Crepe House,"1755 Polk St, San Francisco, CA 94109",Creperies,4.02,738,$$,-9999.0,-9999.0,79756
730,Seakor Polish Delicatessen,"5957 Geary Blvd, San Francisco, CA 94121",Grocery,4.07,258,$,37.780054,-122.483181,5077
731,Parkside Tavern,"1940 Taraval St, San Francisco, CA 94116",Irish,3.68,566,$$,37.742579,-122.487112,60737
733,Fly Bar,"762 Divisadero St, San Francisco, CA 94117",American (Traditional),3.65,760,$$,-9999.0,-9999.0,87648
734,Ocean Ale House,"1314 Ocean Ave, San Francisco, CA 94112",Beer Gardens,4.67,316,$$,-9999.0,-9999.0,86816
735,Mister Jiu's,"28 Waverly Pl, San Francisco, CA 94108",Chinese,3.21,882,$$$$,-9999.0,-9999.0,84865
736,Noc Noc,"557 Haight St, San Francisco, CA 94117",Dive Bars,3.78,516,$,37.771964,-122.431336,3631
737,Aux Delices Vietnamese Restaurant,"2327 Polk St, San Francisco, CA 94109",Vietnamese,3.92,759,$$,37.798274,-122.422264,1146
738,Scullery,"687 Geary St, San Francisco, CA 94102",Coffee & Tea,4.43,283,$,-9999.0,-9999.0,97190
739,Onigilly - San Francisco,"343 Kearny St, San Francisco, CA 94108",Japanese,3.51,559,$$,37.791149,-122.404171,69368
740,Mau,"180 Spear St, San Francisco, CA 94105",Vietnamese,4.31,916,$$,-9999.0,-9999.0,71946
742,King of Noodles,"1639 Irving St, San Francisco, CA 94122",Chinese,3.81,802,$$,-9999.0,-9999.0,85307
743,Bake Cheese Tart,"845 Market St, San Francisco, CA 94103",Desserts,3.86,782,$$,-9999.0,-9999.0,28169
744,Bake Cheese Tart,"845 Market St, San Francisco, CA 94103",Desserts,4.06,782,$$,37.784848,-122.406892,67982
745,Bake Cheese Tart,"845 Market St, San Francisco, CA 94103",Desserts,3.86,782,$$,-9999.0,-9999.0,77528
746,Bake Cheese Tart,"845 Market St, San Francisco, CA 94103",Desserts,3.91,782,$$,-9999.0,-9999.0,79329
747,Iron Horse Cocktails,"25 Maiden Ln, San Francisco, CA 94108",Cocktail Bars,4.98,172,$$,-9999.0,-9999.0,92409
748,Cafe Reverie,"848 Cole St, San Francisco, CA 94117",Sandwiches,3.89,619,$$,37.766097,-122.449997,1261
749,La Mediterranee,"288 Noe St, San Francisco, CA 94114",Mediterranean,3.96,626,$$,37.764489,-122.433195,2274
750,Mr. Bread,"1018 Taraval St, San Francisco, CA 94116",Bakeries,4.73,305,$,-9999.0,-9999.0,94616
751,Capital One Café,"101 Post St, San Francisco, CA 94108",Banks & Credit Unions,4.25,361,$,-9999.0,-9999.0,79970
752,Eastern Bakery,"720 Grant Ave, San Francisco, CA 94108",Bakeries,3.93,746,$,37.793598,-122.406097,9679
753,Rose's Cafe,"2298 Union St, San Francisco, CA 94123",Italian,2.86,1024,$$,37.796927,-122.436974,2739
754,Native Burger,"3420 Geary Blvd, San Francisco, CA 94118",Burgers,4.1,289,$$,-9999.0,-9999.0,93401
756,Fifty / Fifty Coffee and Tea,"3157 Geary Blvd, San Francisco, CA 94118",Coffee & Tea,3.14,463,$,-9999.0,-9999.0,69679
757,Morty's Delicatessen,"280 Golden Gate Ave, San Francisco, CA 94102",Coffee & Tea,3.61,527,$,-9999.0,-9999.0,87015
758,Beloved Cafe,"3338 24th St, San Francisco, CA 94110",Coffee & Tea,4.07,318,$$,-9999.0,-9999.0,87782
759,Sushi Zen,"1041 Taraval St, San Francisco, CA 94116",Sushi Bars,3.87,729,$$,37.742933,-122.47745,20116
760,Tacko,"3115 Fillmore St, San Francisco, CA 94123",Mexican,3.87,925,$$,37.798273,-122.435774,65624
761,Chomp N' Swig,"5203 Geary Blvd, San Francisco, CA 94118",Sandwiches,3.64,405,$$,-9999.0,-9999.0,97219
763,Lung Fung Bakery,"1823 Clement St, San Francisco, CA 94121",Bakeries,4.11,340,$,-9999.0,-9999.0,83799
764,Gus's Community Market,"3701 Noriega St, Unit A, San Francisco, CA 94122",Fruits & Veggies,4.36,314,$$,37.753003,-122.503549,7728
765,Hazel's Kitchen,"1319 18th St, San Francisco, CA 94107",Sandwiches,3.43,420,$,37.762575,-122.395757,20291
766,Umi,"1328 18th St, San Francisco, CA 94107",Japanese,3.55,617,$$,37.762679,-122.395859,35812
767,1428 HAIGHT Patio Cafe & Crepery,"1428 Haight St, San Francisco, CA 94117",American (Traditional),3.65,440,$$,-9999.0,-9999.0,79117
768,Kibatsu,"400 Haight St, San Francisco, CA 94117",Sushi Bars,4.31,265,$$$,-9999.0,-9999.0,97372
770,Bacon Bacon Cafe - San Francisco,"205 A Frederick St, San Francisco, CA 94117",Breakfast & Brunch,3.7,480,$$,-9999.0,-9999.0,68242
773,Rong's,"3420 Balboa St, San Francisco, CA 94121",Cantonese,4.05,272,$$,-9999.0,-9999.0,90939
774,Warakubune Sushi,"307 Church St, San Francisco, CA 94114",Conveyor Belt Sushi,3.68,607,$$,37.765933,-122.428746,3846
775,Fumi Japanese Curry & Ramen,"3303 Mission St, San Francisco, CA 94110",Ramen,3.68,461,$$,-9999.0,-9999.0,81302
776,Sushi Goemon,"1524 Irving St, San Francisco, CA 94122",Japanese,4.54,294,$$,-9999.0,-9999.0,93473
777,Manora's Thai Cuisine,"1600 Folsom St, San Francisco, CA 94103",Thai,3.5,608,$$,37.770748,-122.415137,2437
778,Turtle Tower,"645 Larkin St, San Francisco, CA 94109",Vietnamese,2.67,818,$$,-9999.0,-9999.0,86829
779,Philz Coffee,"5 Embarcadero Ctr, San Francisco, CA 94111",Coffee & Tea,3.81,409,$,-9999.0,-9999.0,98657
781,Amitis Café,"800 Masonic Ave, San Francisco, CA 94117",Poke,4.2,207,$$,-9999.0,-9999.0,83687
782,The Dark Horse Inn,"942 Geneva Ave, San Francisco, CA 94112",Bars,4.36,335,$$,37.716105,-122.440422,67489
783,King's Thai Cuisine 1,"639 Clement St, San Francisco, CA 94118",Thai,2.99,973,$$,37.782833,-122.46615,1350
784,Curbside Cafe,"2417 California St, San Francisco, CA 94115",Breakfast & Brunch,4.31,822,$$,37.788822,-122.434116,62900
